<?xml version='1.0' encoding='ISO-8859-1'  ?>
<!DOCTYPE index
  PUBLIC "-//Sun Microsystems Inc.//DTD JavaHelp Index Version 1.0//EN"
         "http://java.sun.com/products/javahelp/index_1_0.dtd">

<index version="1.0">

  <indexitem text="book product" target="add" />
  <indexitem text="delete orders" target="delete" />
  <indexitem text="edit products" target="edit" />   
  <indexitem text="explore products" target="play" />
  <indexitem text="Peter Parker Travel Agency description" target="intro" />
  <indexitem text="products">
  	<indexitem text="add" target="add" />
  	<indexitem text="delete" target="delete" />
  	<indexitem text="edit" target="edit" />
  </indexitem>

</index>
